회사명,종목코드
3S,060310
AJ네트웍스,095570
AJ렌터카,068400
AK홀딩스,006840
APS홀딩스,054620
AP시스템,265520
AP위성,211270
BGF리테일,027410
BNK금융지주,138930
BYC,001460
C&S자산관리,032040
CJ,001040
CJ CGV,079160
CJ E&M,130960
CJ대한통운,000120
CJ씨푸드,011150
CJ오쇼핑,035760
CJ제일제당,097950
CJ프레시웨이,051500
CJ헬로비전,037560
CMG제약,058820
CNH,023460
CS,065770
CSA 코스믹,083660
CS홀딩스,000590
DGB금융지주,139130
DMS,068790
DRB동일,004840
DSC인베스트먼트,241520
DSR,155660
DSR제강,069730
E1,017940
EG,037370
EMW,079190
F&F,007700
GH신소재,130500
GKL,114090
GMR 머티리얼즈,032860
GRT,900290
GS,078930
GST,083450
GS건설,006360
GS글로벌,001250
GS리테일,007070
GS홈쇼핑,028150
HB테크놀러지,078150
HRS,036640
IBKS제3호스팩,225430
IBKS제5호스팩,254120
IBKS제6호스팩,264850
IBKS제8호스팩,277410
ISC,095340
ITX엠투엠,099520
JB금융지주,175330
JW생명과학,234080
JW신약,067290
JW중외제약,001060
JW홀딩스,096760
JYP Ent.,035900
KB금융,105560
KB오토시스,024120
KCC건설,021320
KCI,036670
KC그린홀딩스,009440
KC산업,112190
KC코트렐,119650
KD건설,044180
KEC,092220
KG ETS,151860
KGP,109070
KG모빌리언스,046440
KG이니시스,035600
KG케미칼,001390
KH바텍,060720
KISCO홀딩스,001940
KJ프리텍,083470
KMH,122450
KMH하이텍,052900
KNN,058400
KPX그린케미칼,083420
KPX생명과학,114450
KPX케미칼,025000
KPX홀딩스,092230
KR모터스,000040
KSS해운,044450
KTB투자증권,030210
KTH,036030
KTcs,058850
KT서브마린,060370
LF,093050
LG,003550
LG디스플레이,034220
LG상사,001120
LG생활건강,051900
LG유플러스,032640
LG이노텍,011070
LG전자,066570
LG하우시스,108670
LG화학,051910
LIG넥스원,079550
LS,006260
LS네트웍스,000680
LS산전,010120
LS전선아시아,229640
MH에탄올,023150
MP그룹,065150
MP한강,219550
NAVER,035420
NEW,160550
NHN벅스,104200
NHN엔터테인먼트,181710
NHN한국사이버결제,060250
NH투자증권,005940
NICE,034310
NICE평가정보,030190
NI스틸,008260
OCI,010060
PN풍년,024940
RFHIC,218410
S&K폴리텍,091340
S&TC,100840
S&T모티브,064960
S&T중공업,003570
S&T홀딩스,036530
S-Oil,010950
SBI인베스트먼트,019550
SBI핀테크솔루션즈,950110
SBS,034120
SBS미디어홀딩스,101060
SBS콘텐츠허브,046140
SCI평가정보,036120
SDN,099220
SFA반도체,036540
SG&G,040610
SGA,049470
SGA솔루션즈,184230
SGA시스템즈,232290
SGA임베디드,224880
SG세계물산,004060
SG충방,001380
SH에너지화학,002360
SIMPAC,009160
SIMPAC Metal,090730
SK,034730
SK1호스팩,207930
SK3호스팩,232330
SKC,011790
SKC 솔믹스,057500
SKC코오롱PI,178920
SK가스,018670
SK네트웍스,001740
SK디앤디,210980
SK머티리얼즈,036490
SK바이오랜드,052260
SK이노베이션,096770
SK증권,001510
SK케미칼,006120
SK텔레콤,017670
SK하이닉스,000660
SM C&C,048550
SPC삼립,005610
STX,011810
STX엔진,077970
STX중공업,071970
TCC동양,002710
THE E&M,089230
TJ미디어,032540
TPC,048770
WISCOM,024070
W홀딩컴퍼니,052300
YG PLUS,037270
YTN,040300
YW,051390
iMBC,052220
가비아,079940
가온미디어,078890
가온전선,000500
감마누,192410
갑을메탈,024840
강남제비스코,000860
강스템바이오텍,217730
강원랜드,035250
갤럭시아에스엠,011420
갤럭시아컴즈,094480
게임빌,063080
경남스틸,039240
경남제약,053950
경농,002100
경동나비엔,009450
경동도시가스,267290
경동인베스트,012320
경동제약,011040
경방,000050
경보제약,214390
경인양행,012610
경인전자,009140
경창산업,024910
계룡건설산업,013580
계양전기,012200
고려개발,004200
고려반도체,089890
고려산업,002140
고려시멘트,198440
고려신용정보,049720
고려아연,010130
고려제강,002240
고려제약,014570
고영,098460
골드퍼시픽,038530
골든브릿지제2호스팩,206660
골든브릿지제3호스팩,219580
골든브릿지제4호스팩,227950
골든브릿지증권,001290
골든센츄리,900280
골프존,215000
골프존뉴딘,121440
관악산업,076340
광동제약,009290
광림,014200
광명전기,017040
광전자,017900
광주신세계,037710
광주은행,192530
광진실업,026910
광진윈텍,090150
교보5호스팩,223040
교보7호스팩,267320
교보비엔케이스팩,242040
교보증권,030610
구름게임즈앤컴퍼니,223220
구영테크,053270
국도화학,007690
국동,005320
국보,001140
국보디자인,066620
국순당,043650
국영지앤엠,006050
국일신동,060480
국일제지,078130
국제약품,002720
굿센,243870
그랜드백화점,019010
그린플러스,186230
극동유화,014530
극동자동화,272420
글로벌에스엠,900070
글로벌텍스프리,204620
글로본,019660
금강공업,014280
금강철강,053260
금비,008870
금양,001570
금호산업,002990
금호석유화학,011780
금호에이치티,214330
금호전기,001210
금호타이어,073240
금화피에스시,036190
기가레인,049080
기산텔레콤,035460
기신정기,092440
기아자동차,000270
기업은행,024110
까뮤이앤씨,013700
깨끗한나라,004540
나노,187790
나노바이오시스,214610
나노스,151910
나노신소재,121600
나노엔텍,039860
나노캠텍,091970
나눔테크,244880
나라엠앤디,051490
나라케이아이씨,007460
나무가,190510
나무기술,167380
나스미디어,089600
나이벡,138610
나이스디앤비,130580
나이스정보통신,036800
남광토건,001260
남선알미늄,008350
남성,004270
남양유업,003920
남영비비안,002070
남해화학,025860
남화토건,091590
내츄럴엔도텍,168330
네오디안테크놀로지,072770
네오오토,212560
네오위즈,095660
네오위즈홀딩스,042420
네오티스,085910
네오팜,092730
네이블커뮤니케이션즈,153460
네이처셀,007390
네추럴FNP,086220
네패스,033640
네패스신소재,087730
넥센,005720
넥센타이어,002350
넥센테크,073070
넥스지,081970
넥스턴,089140
넥스트BT,065170
넥스트리밍,139670
넥스트바이오홀딩스,051980
넥스트아이,137940
넥스트칩,092600
넥슨지티,041140
넵튠,217270
넷게임즈,225570
넷마블게임즈,251270
넷마블,251270
노루페인트,090350
노루홀딩스,000320
노브메타파마,229500
녹십자,006280
녹십자랩셀,144510
녹십자셀,031390
녹십자엠에스,142280
녹십자홀딩스,005250
녹원씨아이,065560
농심,004370
농심홀딩스,072710
농우바이오,054050
누리텔레콤,040160
누리플랜,069140
뉴로스,126870
뉴보텍,060260
뉴인텍,012340
뉴트리바이오텍,222040
뉴파워프라즈마,144960
뉴프라이드,900100
뉴프렉스,085670
능률교육,053290
닉스테크,222810
다나와,119860
다날,064260
다믈멀티미디어,093640
다산네트웍스,039560
다우기술,023590
다우데이타,032190
다우인큐브,020120
다원시스,068240
다이오진,271850
대경기계기술,015590
대교,019680
대구백화점,006370
대덕GDS,004130
대덕전자,008060
대동고려삼,178600
대동공업,000490
대동금속,020400
대동기어,008830
대동스틸,048470
대동전자,008110
대륙제관,004780
대림비앤코,005750
대림산업,000210
대림씨엔에스,004440
대림제지,017650
대림통상,006570
대명코퍼레이션,007720
대봉엘에스,078140
대상,001680
대상홀딩스,084690
대성미생물,036480
대성산업,128820
대성에너지,117580
대성엘텍,025440
대성창투,027830
대성파인텍,104040
대성홀딩스,016710
대신밸런스제4호스팩,262830
대신정보통신,020180
대신증권,003540
대아티아이,045390
대양금속,009190
대양전기공업,108380
대양제지,006580
대영포장,014160
대우건설,047040
대우부품,009320
대우스팩3호,215580
대우조선해양,042660
대웅,003090
대웅제약,069620
대원강업,000430
대원미디어,048910
대원산업,005710
대원전선,006340
대원제약,003220
대원화성,024890
대유에이텍,002880
대유위니아,071460
대유플러스,000300
대정화금,120240
대주산업,003310
대주이엔티,114920
대주전자재료,078600
대진디엠피,065690
대창,012800
대창단조,015230
대창솔루션,096350
대창스틸,140520
대한과학,131220
대한광통신,010170
대한뉴팜,054670
대한방직,001070
대한약품,023910
대한유화,006650
대한전선,001440
대한제강,084010
대한제당,001790
대한제분,001130
대한항공,003490
대한해운,005880
대한화섬,003830
대현,016090
대호에이엘,069460
대호피앤씨,021040
대화제약,067080
더블유게임즈,192080
더존비즈온,012510
덕산네오룩스,213420
덕산하이메탈,077360
덕성,004830
덕신하우징,090410
덕양산업,024900
덕우전자,263600
데브시스터즈,194480
데이타솔루션,263800
데이터스트림즈,199150
데카시스템,183410
데코앤이,017680
덱스터,206560
덴티움,145720
도레이케미칼,008000
도이치모터스,067990
도화엔지니어링,002150
동국S&C,100130
동국산업,005160
동국실업,001620
동국알앤에스,075970
동국제강,001230
동국제약,086450
동남합성,023450
동방,004140
동방선기,099410
동방아그로,007590
동부,012030
동부건설,005960
동부라이텍,045890
동부스팩3호,226440
동부제4호스팩,230490
동부제철,016380
동부증권,016610
동부하이텍,000990
동부화재해상보험,005830
동북아12호선박투자,083370
동북아13호선박투자,083380
동서,026960
동성제약,002210
동성코퍼레이션,102260
동성화인텍,033500
동성화학,005190
동신건설,025950
동아쏘시오홀딩스,000640
동아에스텍,058730
동아에스티,170900
동아엘텍,088130
동아지질,028100
동아타이어공업,007340
동아화성,041930
동양,001520
동양고속,084670
동양네트웍스,030790
동양물산기업,002900
동양생명,082640
동양에스텍,060380
동양이엔피,079960
동양철관,008970
동양파일,228340
동양피엔에프,104460
동우팜투테이블,088910
동운아나텍,094170
동원,003580
동원F&B,049770
동원개발,013120
동원금속,018500
동원산업,006040
동원수산,030720
동원시스템즈,014820
동일고무벨트,163560
동일금속,109860
동일기연,032960
동일방직,001530
동일산업,004890
동일제강,002690
동일철강,023790
동진쎄미켐,005290
동화기업,025900
동화약품,000020
두산,000150
두산건설,011160
두산밥캣,241560
두산엔진,082740
두산인프라코어,042670
두산중공업,034020
두올,016740
두올산업,078590
두원석재,270020
듀켐바이오,176750
드래곤플라이,030350
드림시큐리티,203650
드림티엔터테인먼트,220110
디딤,217620
디비케이,073190
디스플레이텍,066670
디씨엠,024090
디아이,003160
디아이씨,092200
디알텍,214680
디앤씨미디어,263720
디에스케이,109740
디에스티,033430
디에스티로봇,090710
디에이치피코리아,131030
디에이테크놀로지,196490
디에이피,066900
디엔에이링크,127120
디엔에프,092070
디엠씨,101000
디엠티,134580
디오,039840
디와이,013570
디와이파워,210540
디이엔티,079810
디젠스,113810
디지아이,043360
디지캡,197140
디지탈옵틱,106520
디지털대성,068930
디지틀조선,033130
디케이디앤아이,033310
디케이락,105740
디티앤씨,187220
디피씨,026890
딜리,131180
라온시큐어,042510
라온테크,232680
라이브플렉스,050120
라이온켐텍,171120
라이트론,069540
락앤락,115390
래몽래인,200350
램테크놀러지,171010
랩지노믹스,084650
럭스피아,092590
레고켐바이오,141080
레드로버,060300
레드캡투어,038390
레이언스,228850
레이젠,047440
로고스바이오,238120
로보스타,090360
로보쓰리,238500
로스웰,900260
로엔,016170
로지시스,067730
로체시스템즈,071280
롯데관광개발,032350
롯데손해보험,000400
롯데쇼핑,023530
롯데정밀화학,004000
롯데제과,004990
롯데칠성음료,005300
롯데케미칼,011170
롯데푸드,002270
롯데하이마트,071840
루멘스,038060
루미마이크로,082800
루켄테크놀러지스,162120
루트로닉,085370
룽투코리아,060240
리노공업,058470
리노스,039980
리더스코스메틱,016100
리드,197210
리드코프,012700
리젠,038340
리켐,131100
링네트,042500
링크제니시스,219420
마니커,027740
마이크로컨텍솔,098120
마이크로프랜드,147760
마제스타,035480
마크로젠,038290
만도,204320
만호제강,001080
매일유업,267980
매일홀딩스,005990
매직마이크로,127160
매커스,093520
맥스로텍,141070
맥쿼리인프라,088980
맵스리얼티1,094800
멀티캠퍼스,067280
메가스터디,072870
메가스터디교육,215200
메가엠디,133750
메디쎄이,200580
메디아나,041920
메디안디노스틱,233250
메디젠휴먼케어,236340
메디톡스,086900
메디포스트,078160
메디프론,065650
메디플란트,015540
메리츠금융지주,138040
메리츠종금증권,008560
메리츠화재,000060
메이슨캐피탈,021880
메지온,140410
메타바이오메드,059210
멕아이씨에스,058110
멜파스,096640
명문제약,017180
명진홀딩스,267060
모나리자,012690
모나미,005360
모다,149940
모다이노칩,080420
모두투어,080160
모두투어리츠,204210
모바일리더,100030
모바일어플라이언스,087260
모베이스,101330
모비스,250060
모아텍,033200
모토닉,009680
모트렉스,118990
모헨즈,006920
무림P&P,009580
무림SP,001810
무림페이퍼,009200
무학,033920
문배철강,008420
미동앤씨네마,161570
미래나노텍,095500
미래산업,025560
미래아이앤지,007120
미래에셋대우,006800
미래에셋대우스팩1호,265480
미래에셋생명,085620
미래에셋제3호스팩,215750
미래에셋제5호스팩,239340
미래자원엠엘,233190
미래컴퍼니,049950
미래테크놀로지,213090
미스터블루,207760
미애부,225850
미원상사,002840
미원에스씨,268280
미원홀딩스,107590
미원화학,134380
미창석유공업,003650
미코,059090
미투온,201490
민앤지,214180
바다로19호,155900
바디텍메드,206640
바른손,018700
바른손이앤에이,035620
바른전자,064520
바른테크놀로지,029480
바이넥스,053030
바이로메드,084990
바이오니아,064550
바이오로그디바이스,208710
바이오리더스,142760
바이오빌,065940
바이오스마트,038460
바이오씨앤디,217950
바이오코아,216400
바이오톡스텍,086040
바이오프로테크,199290
바이온,032980
바이옵트로,222160
바텍,043150
방림,003610
백광산업,001340
백광소재,014580
백금T&A,046310
백산,035150
버추얼텍,036620
범양건영,002410
베셀,177350
베트남개발1,096300
벽산,007210
보광산업,225530
보라티알,250000
보락,002760
보령메디앙스,014100
보령제약,003850
보성파워텍,006910
보해양조,000890
본느,242420
볼빅,206950
부광약품,003000
부국증권,001270
부국철강,026940
부방,014470
부산도시가스,015350
부산산업,011390
부산주공,005030
부스타,008470
뷰웍스,100120
브레인콘텐츠,066980
브리지텍,064480
브이원텍,251630
블루콤,033560
비나텍,126340
비덴트,121800
비디아이,148140
비상교육,100220
비씨월드제약,200780
비아트론,141000
비에이치,090460
비에이치아이,083650
비엔디생활건강,215050
비엠티,086670
비츠로셀,082920
비츠로시스,054220
비츠로테크,042370
비트컴퓨터,032850
비플라이소프트,148780
빅솔론,093190
빅텍,065450
빅텐츠,210120
빙그레,005180
빛샘전자,072950
뿌리깊은나무들,266170
사람인에이치알,143240
사조대림,003960
사조동아원,008040
사조산업,007160
사조씨푸드,014710
사조오양,006090
사조해표,079660
사파이어테크놀로지,123260
삼강엠앤티,100090
삼광글라스,005090
삼기오토모티브,122350
삼륭물산,014970
삼목에스폼,018310
삼보모터스,053700
삼보산업,009620
삼보판지,023600
삼본정밀전자,111870
삼부토건,001470
삼성SDI,006400
삼성공조,006660
삼성물산,028260
삼성바이오로직스,207940
삼성생명,032830
삼성에스디에스,018260
삼성엔지니어링,028050
삼성전기,009150
삼성전자,005930
삼성제약,001360
삼성중공업,010140
삼성증권,016360
삼성출판사,068290
삼성카드,029780
삼성화재해상보험,000810
삼아알미늄,006110
삼아제약,009300
삼양사,145990
삼양식품,003230
삼양옵틱스,225190
삼양통상,002170
삼양홀딩스,000070
삼영무역,002810
삼영엠텍,054540
삼영이엔씨,065570
삼영전자공업,005680
삼영화학공업,003720
삼우엠스,082660
삼원강재,023000
삼원테크,073640
삼익THK,004380
삼익악기,002450
삼일,032280
삼일기업공사,002290
삼일제약,000520
삼정펄프,009770
삼지전자,037460
삼진,032750
삼진엘앤디,054090
삼진제약,005500
삼천당제약,000250
삼천리,004690
삼천리자전거,024950
삼표시멘트,038500
삼현철강,017480
삼호,001880
삼호개발,010960
삼화네트웍스,046390
삼화왕관,004450
삼화전기,009470
삼화전자공업,011230
삼화콘덴서공업,001820
삼화페인트공업,000390
상보,027580
상신브레이크,041650
상신이디피,091580
상신전자,263810
상아프론테크,089980
새로닉스,042600
새론오토모티브,075180
샘코,263540
샘표,007540
샘표식품,248170
서린바이오,038070
서부T&D,006730
서산,079650
서암기계공업,100660
서연,007860
서연이화,200880
서연전자,012860
서연탑메탈,019770
서울도시가스,017390
서울리거,043710
서울반도체,046890
서울식품공업,004410
서울옥션,063170
서울전자통신,027040
서울제약,018680
서원,021050
서원인텍,093920
서전기전,189860
서진시스템,178320
서진오토모티브,122690
서플러스글로벌,140070
서한,011370
서호전기,065710
서화정보통신,033790
서흥,008490
서희건설,035890
선광,003100
선데이토즈,123420
선도전기,007610
선바이오,067370
선익시스템,171090
선진,136490
선창산업,002820
성광벤드,014620
성도이엔지,037350
성문전자,014910
성보화학,003080
성신양회,004980
성안,011300
성우전자,081580
성우테크론,045300
성우하이텍,015750
성지건설,005980
성창기업지주,000180
성창오토텍,080470
성호전자,043260
세기리텍,199870
세기상사,002420
세동,053060
세명전기,017510
세미콘라이트,214310
세방,004360
세방전지,004490
세보엠이씨,011560
세신버팔로,110660
세아베스틸,001430
세아제강,003030
세아특수강,019440
세아홀딩스,058650
세우글로벌,013000
세운메디칼,100700
세원,234100
세원물산,024830
세원셀론텍,091090
세원정공,021820
세이브존I&C,067830
세종공업,033530
세종머티리얼즈,135270
세종텔레콤,036630
세중,039310
세진중공업,075580
세진티에스,067770
세코닉스,053450
세하,027970
세화아이엠씨,145210
세화피앤씨,252500
셀루메드,049180
셀바스AI,108860
셀바스헬스케어,208370
셀트리온,068270
셀트리온제약,068760
셀트리온헬스케어,091990
소리바다,053110
소프트센,032680
소프트캠프,210610
손오공,066910
솔고바이오,043100
솔루에타,154040
솔본,035610
솔브레인,036830
솔트웍스,230980
송원산업,004430
쇼박스,086980
수산아이앤티,050960
수산중공업,017550
수성,084180
수젠텍,253840
수프로,185190
슈프리마,236200
슈프리마에이치큐,094840
슈피겐코리아,192440
스맥,099440
스킨앤스킨,159910
스타플렉스,115570
스템랩,258540
스틸플라워,087220
스페로 글로벌,028040
스페이스솔루션,245030
스페코,013810
스포츠서울,039670
승일,049830
시공테크,020710
시그네틱스,033170
시그넷이브이,260870
시냅스엠,246830
시너지이노베이션,048870
시노펙스,025320
시큐브,131090
시큐센,232830
신대양제지,016590
신도리코,029530
신라교역,004970
신라섬유,001000
신라에스지,025870
신라젠,215600
신성델타테크,065350
신성이엔지,011930
신성통상,005390
신세계,004170
신세계I&C,035510
신세계건설,034300
신세계인터내셔날,031430
신세계푸드,031440
신송홀딩스,006880
신스타임즈,056000
신신제약,002800
신영스팩2호,225590
신영스팩3호,263770
신영와코루,005800
신영증권,001720
신원,009270
신원종합개발,017000
신일산업,002700
신일제약,012790
신진에스엠,138070
신풍제약,019170
신풍제지,002870
신한,005450
신한제3호스팩,257730
신한지주,055550
신화실업,001770
신화인터텍,056700
신화콘텍,187270
신흥,004080
신흥에스이씨,243840
실리콘웍스,108320
심텍,222800
심텍홀딩스,036710
싸이맥스,160980
쌍방울,102280
쌍용머티리얼,047400
쌍용양회공업,003410
쌍용자동차,003620
쌍용정보통신,010280
써니전자,004770
썬코어,051170
썬테크,217320
썬텍,122800
썸에이지,208640
쎄노텍,222420
쎄니트,037760
쎄미시스코,136510
쎄트렉아이,099320
쎌바이오텍,049960
쏠리드,050890
씨그널엔터테인먼트그룹,099830
씨씨에스,066790
씨아이에스,222080
씨아이테크,004920
씨앗,103660
씨앤에스링크,245450
씨에스윈드,112610
씨엔플러스,115530
씨엠에스에듀,225330
씨유메디칼,115480
씨이랩,189330
씨젠,096530
씨케이에이치,900120
씨케이컴퍼니,235090
씨큐브,101240
씨트리,047920
씨티네트웍스,189540
씨티씨바이오,060590
씨티엘,036170
아가방컴퍼니,013990
아나패스,123860
아남전자,008700
아리온,058220
아모레퍼시픽,090430
아모레퍼시픽그룹,002790
아모텍,052710
아미노로직스,074430
아미코젠,092040
아바코,083930
아바텍,149950
아비스타,090370
아비코전자,036010
아세아,002030
아세아시멘트,183190
아세아제지,002310
아세아텍,050860
아스타,246720
아스트,067390
아시아경제,127710
아시아나항공,020560
아시아종묘,154030
아우딘퓨쳐스,227610
아이디스,143160
아이디스홀딩스,054800
아이리버,060570
아이마켓코리아,122900
아이센스,099190
아이쓰리시스템,214430
아이씨디,040910
아이씨케이,068940
아이앤씨,052860
아이에스동서,010780
아이에스이커머스,069920
아이에이,038880
아이에이치큐,003560
아이엔지생명,079440
아이엠,101390
아이엠텍,226350
아이오케이,078860
아이원스,114810
아이이,023430
아이즈비전,031310
아이지스시스템,139050
아이진,185490
아이컴포넌트,059100
아이케이세미콘,149010
아이콘트롤스,039570
아이크래프트,052460
아이텍반도체,119830
아이티센,124500
아주캐피탈,033660
아즈텍WB,032080
아진산업,013310
아진엑스텍,059120
아트라스BX,023890
아티스,101140
아프리카TV,067160
안국약품,001540
안랩,053800
안지오랩,251280
안트로젠,065660
알로이스,271400
알루코,001780
알보젠코리아,002250
알비케이이엠디,106080
알서포트,131370
알에스오토메이션,140670
알에프세미,096610
알에프텍,061040
알엔투테크놀로지,148250
알테오젠,196170
알톤스포츠,123750
알티캐스트,085810
알파홀딩스,117670
암니스,007630
앙츠,267810
애경유화,161000
애니젠,196300
액션스퀘어,205500
액토즈소프트,052790
액트,131400
앤디포스,238090
앱클론,174900
야스,255440
양지사,030960
어보브반도체,102120
엄지하우스,224810
에너토크,019990
에넥스,011090
에듀케이션파트너,208890
에머슨퍼시픽,025980
에버다임,041440
에브리봇,270660
에스넷,038680
에스디생명공학,217480
에스디시스템,121890
에스마크,030270
에스맥,097780
에스씨디,042110
에스아이리소스,065420
에스아이티글로벌,050320
에스알바이오텍,270210
에스앤더블류,103230
에스앤디,260970
에스앤씨엔진그룹,900080
에스앤에스텍,101490
에스에너지,095910
에스에이엠티,031330
에스에이티,060540
에스에이티이엔지,158300
에스에프씨,112240
에스에프에이,056190
에스엔유,080000
에스엔텍,160600
에스엔피월드,263920
에스엔피제네틱스,086460
에스엘,005850
에스엘에스바이오,246250
에스엠,041510
에스엠로보틱스,252940
에스엠코어,007820
에스와이제이,251540
에스와이패널,109610
에스원,012750
에스제이엠,123700
에스제이엠홀딩스,025530
에스제이케이,080440
에스케이씨에스,224020
에스코넥,096630
에스텍,069510
에스텍파마,041910
에스티아이,039440
에스티오,098660
에스티큐브,052020
에스티팜,237690
에스폴리텍,050760
에스피지,058610
에쎈테크,043340
에쓰씨엔지니어링,023960
에이디칩스,054630
에이디테크놀로지,200710
에이리츠,140910
에이블씨엔씨,078520
에이비온,203400
에이스침대,003800
에이스테크,088800
에이씨티,138360
에이엔피,015260
에이원알폼,234070
에이원앤,035290
에이치시티,072990
에이치엔에스하이텍,044990
에이치엔티,176440
에이치엘비,028300
에이치엘비생명과학,067630
에이치엘비파워,043220
에이치엘사이언스,239610
에이치엠씨3호스팩,226340
에이치케이,044780
에이테크솔루션,071670
에이텍,045660
에이텍티앤,224110
에이티넘인베스트,021080
에이티세미콘,089530
에이티젠,182400
에이티테크놀러지,073570
에이프로젠 H&G,109960
에이프로젠제약,003060
에임하이,043580
에치디프로,214870
에코마케팅,230360
에코바이오,038870
에코프로,086520
에코플라스틱,038110
에프알텍,073540
에프앤가이드,064850
에프앤리퍼블릭,064090
에프에스티,036810
에프엔씨애드컬쳐,063440
에프엔씨엔터,173940
에프엔에스테크,083500
에프티이앤이,065160
엑사이엔씨,054940
엑세스바이오,950130
엑셈,205100
엑시콘,092870
엔브이에이치코리아,067570
엔시트론,101400
엔씨소프트,036570
엔알케이,054340
엔에스,217820
엔에스쇼핑,138250
엔에스엔,031860
엔에스컴퍼니,224760
엔에이치스팩10호,256630
엔에이치스팩11호,256840
엔에이치스팩12호,273060
엔에이치스팩7호,217810
엔지스테크널러지,208860
엔지켐생명과학,183490
엔케이,085310
엔케이물산,009810
엔터메이트,206400
엔텔스,069410
엔피씨,004250
엔피케이,048830
엘디티,096870
엘비세미콘,061970
엘아이에스,138690
엘앤에프,066970
엘앤케이바이오,156100
엘엠에스,073110
엘오티베큠,083310
엘컴텍,037950
엘티씨,170920
엘피케이,183350
엠게임,058630
엠로,058970
엠벤처투자,019590
엠씨넥스,097520
엠앤씨생명과학,225860
엠에스씨,009780
엠에스오토텍,123040
엠에프엠코리아,251960
엠젠플러스,032790
엠지메드,180400
엠케이전자,033160
엠플러스,259630
연우,115960
연이정보통신,090740
영보화학,014440
영신금속,007530
영우디에스피,143540
영원무역,111770
영원무역홀딩스,009970
영인프런티어,036180
영진약품,003520
영풍,000670
영풍정밀,036560
영풍제지,006740
영현무역,242850
영화금속,012280
영흥철강,012160
예림당,036000
예스24,053280
예스코,015360
예스티,122640
옐로페이,179720
오가닉티코스메틱,900300
오공,045060
오디텍,080520
오뚜기,007310
오로라,039830
오르비텍,046120
오리엔탈정공,014940
오리엔트바이오,002630
오리엔트정공,065500
오리온,271560
오리온홀딩스,001800
오리콤,010470
오백볼트,227420
오상자이엘,053980
오성엘에스티,052420
오션브릿지,241790
오스코텍,039200
오스테오닉,226400
오스템,031510
오스템임플란트,048260
오이솔루션,138080
오킨스전자,080580
오텍,067170
오파스넷,173130
오픈베이스,049480
옴니시스템,057540
옴니텔,057680
옵토팩,123010
옵트론텍,082210
옵티시스,109080
와이디온라인,052770
와이비로드,010600
와이비엠넷,057030
와이솔,122990
와이아이케이,232140
와이엔텍,067900
와이엠씨,155650
와이엠티,251370
와이오엠,066430
와이제이엠게임즈,193250
와이지-원,019210
와이지엔터테인먼트,122870
와토스코리아,079000
완리,900180
용평리조트,070960
우노앤컴퍼니,114630
우리기술,032820
우리기술투자,041190
우리넷,115440
우리들제약,004720
우리들휴브레인,118000
우리로,046970
우리산업,215360
우리산업홀딩스,072470
우리손에프앤지,073560
우리은행,000030
우리이앤엘,153490
우리이티아이,082850
우리조명,037400
우리종금,010050
우림기계,101170
우성사료,006980
우성아이비,194610
우수AMS,066590
우신시스템,017370
우원개발,046940
우정비에스씨,215380
우주일렉트로,065680
우진,105840
우진비앤지,018620
우진플라임,049800
웅진,016880
웅진씽크빅,095720
웅진에너지,103130
원림,005820
원익,032940
원익IPS,240810
원익QnC,074600
원익머트리얼즈,104830
원익큐브,014190
원익홀딩스,030530
원일특강,012620
원텍,216280
원풍,008370
원풍물산,008290
월덱스,101160
웨이브일렉트로,095270
웰크론,065950
웰크론강원,114190
웰크론한텍,076080
웹스,196700
웹젠,069080
위노바,039790
위닉스,044340
위메이드,112040
위월드,140660
위즈코프,038620
위지트,036090
윈스,136540
윈팩,097800
윈하이텍,192390
윌비스,008600
유나이티드,033270
유니더스,044480
유니드,014830
유니셈,036200
유니슨,018000
유니온,000910
유니온커뮤니티,203450
유니켐,011330
유니퀘스트,077500
유니크,011320
유니테스트,086390
유니테크노,241690
유니트론텍,142210
유니포인트,121060
유디피,091270
유라테크,048430
유바이오로직스,206650
유비벨록스,089850
유비온,084440
유비케어,032620
유비쿼스,264450
유비쿼스홀딩스,078070
유성기업,002920
유성티엔에스,024800
유수홀딩스,000700
유신,054930
유쎌,252370
유아이디,069330
유아이엘,049520
유안타제2호스팩,219960
유안타증권,003470
유앤아이,056090
유양디앤유,011690
유엔젤,072130
유유제약,000220
유지인트,195990
유진기업,023410
유진로봇,056080
유진스팩3호,221200
유진에이씨피씨스팩2호,215090
유진증권,001200
유진테크,084370
유테크,178780
유투바이오,221800
유티아이,179900
유한양행,000100
유화증권,003460
육일씨엔에쓰,191410
율촌화학,008730
이-글 벳,044960
이건산업,008250
이건홀딩스,039020
이구산업,025820
이그잭스,060230
이글루시큐리티,067920
이노션,214320
이노와이어리스,073490
이노인스트루먼트,215790
이녹스,088390
이녹스첨단소재,272290
이니텍,053350
이더블유케이,258610
이디,033110
이라이콤,041520
이랜텍,054210
이루온,065440
이마트,139480
이매진아시아,036260
이미지스,115610
이베스트스팩3호,225440
이베스트투자증권,078020
이비테크,208850
이상네트웍스,080010
이수앱지스,086890
이수페타시스,007660
이수화학,005950
이스타코,015020
이스트소프트,047560
이스트아시아홀딩스,900110
이씨에스,067010
이아이디,093230
이에스브이,223310
이에스산업,241510
이에스에이,052190
이엔드디,101360
이엔쓰리,074610
이엔에프테크놀로지,102710
이엘케이,094190
이엘피,063760
이엠넷,123570
이엠코리아,095190
이엠텍,091120
이엠티,232530
이연제약,102460
이오테크닉스,039030
이원컴포텍,088290
이월드,084680
이젠텍,033600
이즈미디어,181340
이지바이오,035810
이지웰페어,090850
이크레더블,092130
이테크건설,016250
이트론,096040
이퓨쳐,134060
이화공영,001840
이화산업,000760
이화전기,024810
인디에프,014990
인바디,041830
인베니아,079950
인산가,062580
인선이엔티,060150
인성정보,033230
인스코비,006490
인지디스플레,037330
인지컨트롤스,023800
인천도시가스,034590
인카금융서비스,211050
인콘,083640
인크로스,216050
인탑스,049070
인터로조,119610
인터불스,158310
인터엠,017250
인터지스,129260
인터코스,240340
인터파크,108790
인터파크홀딩스,035080
인터플렉스,051370
인텍플러스,064290
인텔리안테크,189300
인트로메딕,150840
인트론바이오,048530
인팩,023810
인포마크,175140
인포바인,115310
인포뱅크,039290
인프라웨어,041020
인프라웨어테크놀러지,247300
인피니트헬스케어,071200
인화정공,101930
일경산업개발,078940
일동제약,249420
일동홀딩스,000230
일성건설,013360
일성신약,003120
일신바이오,068330
일신방직,003200
일신석재,007110
일야,058450
일양약품,007570
일정실업,008500
일지테크,019540
일진다이아,081000
일진디스플,020760
일진머티리얼즈,020150
일진전기,103590
일진파워,094820
일진홀딩스,015860
잇츠한불,226320
잉글우드랩,950140
잉크테크,049550
자비스,230400
자연과환경,043910
자이글,234920
자화전자,033240
장원테크,174880
재영솔루텍,049630
전방,000950
전우정밀,120780
전파기지국,065530
정다운,208140
정산애강,022220
정상제이엘에스,040420
정원엔시스,045510
제낙스,065620
제너셈,217190
제넥신,095700
제노텍,066830
제노포커스,187420
제놀루션,225220
제닉,123330
제로투세븐,159580
제룡산업,147830
제룡전기,033100
제미니투자,019570
제우스,079370
제이브이엠,054950
제이스테판,096690
제이스텍,090470
제이씨케미칼,137950
제이씨현시스템,033320
제이에스코퍼레이션,194370
제이에스티나,026040
제이에스피브이,250300
제이엔케이히터,126880
제이엠아이,033050
제이엠티,094970
제이웨이,058420
제이준코스메틱,025620
제이콘텐트리,036420
제이티,089790
제일기획,030000
제일바이오,052670
제일약품,271980
제일연마,001560
제일제강,023440
제일테크노스,038010
제일파마홀딩스,002620
제일홀딩스,003380
제주반도체,080220
제주은행,006220
제주항공,089590
젠큐릭스,229000
젬백스,082270
젬백스테크놀러지,041590
조광ILI,044060
조광페인트,004910
조광피혁,004700
조비,001550
조선내화,000480
조선선재,120030
조아제약,034940
조이맥스,101730
조이시티,067000
조일알미늄,018470
조흥,002600
종근당,185750
종근당바이오,063160
종근당홀딩스,001630
좋은사람들,033340
주노콜렉션,221670
주성엔지니어링,036930
주연테크,044380
줌인터넷,229480
중앙백신,072020
중앙에너비스,000440
중앙오션,054180
지노믹트리,228760
지니뮤직,043610
지니언스,263860
지디,155960
지란지교시큐리티,208350
지성이씨에스,138290
지스마트글로벌,114570
지어소프트,051160
지에스이,053050
지엔씨에너지,119850
지엔코,065060
지엘팜텍,204840
지엠비코리아,013870
지엠피,018290
지역난방공사,071320
지오씨,135160
지코,010580
지투알,035000
지트리비앤티,115450
지티지웰니스,219750
진도,088790
진로발효,018120
진매트릭스,109820
진바이오텍,086060
진성티이씨,036890
진양산업,003780
진양제약,007370
진양폴리우레탄,010640
진양홀딩스,100250
진양화학,051630
진원생명과학,011000
진흥기업,002780
차바이오텍,085660
차이나그레이트,900040
차이나하오란,900090
참엔지니어링,009310
참좋은여행,094850
창해에탄올,004650
처음앤씨,111820
천일고속,000650
청광종건,140290
청담러닝,096240
청보산업,013720
청호컴넷,012600
체시스,033250
초록뱀,047820
칩스앤미디어,094360
카스,016920
카이노스메드,220250
카카오,035720
카테아,026260
카프로,006380
캐로스,260490
캐스텍코리아,071850
캠시스,050110
컬러레이,900310
컴투스,078340
케미메디,205290
케어젠,214370
케이디켐,221980
케이맥,043290
케이비드림3호스팩,221950
케이비드림4호스팩,226360
케이비제10호스팩,250930
케이비제11호스팩,258790
케이비제8호스팩,222390
케이비제9호스팩,232270
케이사인,192250
케이씨씨,002380
케이씨에스,115500
케이씨텍,029460
케이씨티,089150
케이씨티시,009070
케이씨피드,025880
케이아이엔엑스,093320
케이에스피,073010
케이엔더블유,105330
케이엘넷,039420
케이엠,083550
케이엠더블유,032500
케이엠제약,237720
케이탑리츠,145270
케이티,030200
케이티비스팩2호,214150
케이티스,058860
케이티스카이라이프,053210
케이티앤지,033780
케이프,064820
케이피에스,256940
케이피에프,024880
케이피엠테크,042040
케이피티,054410
켐온,217600
켐트로닉스,089010
켐트로스,220260
코나아이,052400
코닉글로리,094860
코다코,046070
코데즈컴바인,047770
코디,080530
코디엠,224060
코라오홀딩스,900140
코렌,078650
코렌텍,104540
코리아나,027050
코리아써키트,007810
코리아에스이,101670
코리아에프티,123410
코리아오토글라스,152330
코리안리,003690
코맥스,036690
코메론,049430
코미코,183300
코미팜,041960
코센,009730
코셋,189350
코스맥스,192820
코스맥스비티아이,044820
코스메카코리아,241710
코스모신소재,005070
코스모화학,005420
코스온,069110
코아스,071950
코아스템,166480
코아시아홀딩스,045970
코엔텍,029960
코오롱,002020
코오롱글로벌,003070
코오롱머티리얼,144620
코오롱생명과학,102940
코오롱인더,120110
코오롱플라스틱,138490
코웨이,021240
코웰패션,033290
코위버,056360
코이즈,121850
코콤,015710
코텍,052330
코프라,126600
콜마비앤에이치,200130
콤텍시스템,031820
쿠첸,225650
쿠쿠전자,192400
큐렉소,060280
큐로컴,040350
큐로홀딩스,051780
큐리언트,115180
큐브엔터,182360
큐에스아이,066310
큐엠씨,136660
큐캐피탈,016600
크라운제과,264900
크라운해태홀딩스,005740
크레아플래닛,058530
크로넥스,215570
크로바하이텍,043590
크루셜텍,114120
크리스탈,083790
크리스탈신소재,900250
크린앤사이언스,045520
클리오,237880
키움스팩3호,218710
키움스팩4호,226850
키움증권,039490
키위미디어그룹,012170
키이스트,054780
타이거일렉,219130
탑엔지니어링,065130
태경산업,015890
태경화학,006890
태광,023160
태광산업,003240
태림포장,011280
태양,053620
태양금속공업,004100
태양기계,116100
태양씨앤엘,072520
태영건설,009410
태웅,044490
태원물산,001420
태평양물산,007980
테고사이언스,191420
테라세미콘,123100
테라셈,182690
테라젠이텍스,066700
테스,095610
테스나,131970
테크윙,089030
텍셀네트컴,038540
텔레칩스,054450
텔레필드,091440
텔루스,196450
텔코웨어,078000
텔콘,200230
토니모리,214420
토박스코리아,215480
토비스,051360
토탈소프트,045340
토필드,057880
톱텍,108230
투비소프트,079970
투윈글로벌,066410
툴젠,199800
트러스제7호,140890
트레이스,052290
트루윈,105550
특수건설,026150
티비씨,033830
티비에이치글로벌,084870
티씨엠생명과학,228180
티씨케이,064760
티에스이,131290
티에스인베스트먼트,246690
티에이치엔,019180
티엘아이,062860
티웨이홀딩스,004870
티케이씨,191600
티케이케미칼,104480
티플랙스,081150
티피씨글로벌,130740
틸론,217880
팀스,134790
팅크웨어,084730
파나진,046210
파라다이스,034230
파라텍,033540
파루,043200
파마리서치프로덕트,214450
파미셀,005690
파버나인,177830
파세코,037070
파수닷컴,150900
파워로직스,047310
파이오링크,170790
파인디앤씨,049120
파인디지털,038950
파인테크닉스,106240
파인텍,131760
파크시스템스,140860
파트론,091700
파티게임즈,194510
팍스넷,038160
판도라티비,202960
판타지오,032800
팜스웰바이오,043090
팜스코,036580
팜스토리,027710
패션플랫폼,256090
팬스타엔터프라이즈,054300
팬엔터테인먼트,068050
팬오션,028670
팬젠,222110
퍼스텍,010820
퍼시스,016800
퍼시픽바이오,060900
펄어비스,263750
페이퍼코리아,001020
펩트론,087010
평화산업,090080
평화정공,043370
평화홀딩스,010770
포메탈,119500
포비스티앤씨,016670
포스링크,056730
포스코,005490
포스코 ICT,022100
포스코강판,058430
포스코대우,047050
포스코엠텍,009520
포스코켐텍,003670
포시에스,189690
포워드컴퍼니스,042940
포인트엔지니어링,176560
포티스,141020
폭스브레인,039230
푸드웰,005670
푸른기술,094940
푸른저축은행,007330
풀무원,017810
풍강,093380
풍국주정,023900
풍산,103140
풍산홀딩스,005810
퓨전데이타,195440
퓨쳐스트림네트웍스,214270
퓨쳐켐,220100
프럼파스트,035200
프로스테믹스,203690
프로텍,053610
프리엠스,053160
플랜티넷,075130
플럼라인생명과학,222670
플레이위드,023770
플렉스파워에이더블유에스,266870
피노텍,150440
피델릭스,032580
피시피아비아이티,258250
피씨디렉트,051380
피씨엘,241820
피앤씨테크,237750
피앤이솔루션,131390
피에스엠씨,024850
피에스케이,031980
피에스텍,002230
피엔아이시스템,242350
피엔에이치테크,239890
피엔티,137400
피엠디아카데미,144740
피제이메탈,128660
피제이전자,006140
픽셀플러스,087600
필룩스,033180
필링크,064800
필옵틱스,161580
하나금융10호스팩,270520
하나금융7호SPAC,230240
하나금융9호스팩,261200
하나금융지주,086790
하나니켈1호,099340
하나니켈2호,099350
하나마이크론,067310
하나머스트4호스팩,215100
하나머스트5호스팩,218150
하나머티리얼즈,166090
하나투어,039130
하림,136480
하림홀딩스,024660
하우동천,233990
하이골드12호,172580
하이골드3호,153360
하이골드8호,159650
하이로닉,149980
하이록코리아,013030
하이비젼시스템,126700
하이셈,200470
하이스틸,071090
하이에이아이1호스팩,235010
하이제3호스팩,217500
하이즈항공,221840
하이텍팜,106190
하이트론씨스템즈,019490
하이트진로,000080
하이트진로홀딩스,000140
하츠,066130
한국4호스팩,240540
한국ANKOR유전,152550
한국가구,004590
한국가스공사,036460
한국경제TV,039340
한국공항,005430
한국금융지주,071050
한국기업평가,034950
한국내화,010040
한국단자공업,025540
한국맥널티,222980
한국비엔씨,226610
한국석유공업,004090
한국선재,025550
한국수출포장공업,002200
한국쉘석유,002960
한국알콜,017890
한국유리공업,002000
한국자산신탁,123890
한국전력공사,015760
한국전자금융,063570
한국전자인증,041460
한국전자홀딩스,006200
한국정밀기계,101680
한국정보공학,039740
한국정보인증,053300
한국정보통신,025770
한국제5호스팩,271740
한국제지,002300
한국종합기술,023350
한국주강,025890
한국주철관공업,000970
한국철강,104700
한국카본,017960
한국캐피탈,023760
한국컴퓨터,054040
한국코퍼레이션,050540
한국콜마,161890
한국콜마홀딩스,024720
한국큐빅,021650
한국타이어,161390
한국타이어월드와이드,000240
한국테크놀로지,053590
한국토지신탁,034830
한국특수형강,007280
한국패러랠,168490
한국팩키지,037230
한국프랜지공업,010100
한국항공우주,047810
한국화장품,123690
한국화장품제조,003350
한글과컴퓨터,030520
한네트,052600
한농화성,011500
한독,002390
한라,014790
한라IMS,092460
한라홀딩스,060980
한미글로벌,053690
한미반도체,042700
한미사이언스,008930
한미약품,128940
한빛소프트,047080
한샘,009240
한섬,020000
한성기업,003680
한세실업,105630
한세엠케이,069640
한세예스24홀딩스,016450
한솔로지스틱스,009180
한솔시큐어,070300
한솔신텍,099660
한솔씨앤피,221610
한솔인티큐브,070590
한솔제지,213500
한솔케미칼,014680
한솔테크닉스,004710
한솔피엔에스,010420
한솔홀딩스,004150
한솔홈데코,025750
한스바이오메드,042520
한신공영,004960
한신기계공업,011700
한양디지텍,078350
한양이엔지,045100
한양증권,001750
한온시스템,018880
한올바이오파마,009420
한익스프레스,014130
한일네트웍스,046110
한일단조,024740
한일사료,005860
한일시멘트,003300
한일진공,123840
한일철강,002220
한일화학,007770
한전KPS,051600
한전기술,052690
한전산업,130660
한중엔시에스,107640
한진,002320
한진중공업,097230
한진중공업홀딩스,003480
한진칼,180640
한창,005110
한창산업,079170
한창제지,009460
한컴MDS,086960
한컴시큐어,054920
한컴지엠디,077280
한탑,002680
한프,066110
한화,000880
한화갤러리아타임월드,027390
한화생명,088350
한화손해보험,000370
한화수성스팩,265920
한화에이스스팩2호,219860
한화에이스스팩3호,264290
한화케미칼,009830
한화테크윈,012450
한화투자증권,003530
해덕파워웨이,102210
해마로푸드서비스,220630
해성디에스,195870
해성산업,034810
해성옵틱스,076610
해태제과식품,101530
핸디소프트,220180
핸즈코퍼레이션,143210
행남생활건강,008800
헝셩그룹,900270
현대EP,089470
현대건설,000720
현대건설기계,267270
현대공업,170030
현대그린푸드,005440
현대글로비스,086280
현대로보틱스,267250
현대로템,064350
현대리바트,079430
현대모비스,012330
현대미포조선,010620
현대백화점,069960
현대비앤지스틸,004560
현대산업개발,012630
현대상선,011200
현대시멘트,006390
현대아이비티,048410
현대약품,004310
현대에이치씨엔,126560
현대엘리베이터,017800
현대위아,011210
현대일렉트릭,267260
현대자동차,005380
현대정보기술,026180
현대제철,004020
현대종합상사,011760
현대중공업,009540
현대차투자증권,001500
현대코퍼레이션홀딩스,227840
현대통신,039010
현대해상,001450
현대홈쇼핑,057050
현성바이탈,204990
현우산업,092300
현진소재,053660
형지I&C,011080
형지엘리트,093240
혜인,003010
호전실업,111110
호텔신라,008770
홈센타홀딩스,060560
홈캐스트,064240
화성밸브,039610
화성산업,002460
화승알앤에이,013520
화승엔터프라이즈,241590
화승인더스트리,006060
화신,010690
화신정공,126640
화신테크,086250
화이브라더스코리아,204630
화인베스틸,133820
화일약품,061250
화진,134780
화천기계,010660
화천기공,000850
환인제약,016580
황금에스티,032560
효성,004800
효성 ITX,094280
효성오앤비,097870
후성,093370
휘닉스소재,050090
휠라코리아,081660
휴니드테크놀러지스,005870
휴마시스,205470
휴맥스,115160
휴맥스홀딩스,028080
휴메딕스,200670
휴벡셀,212310
휴비스,079980
휴비츠,065510
휴스틸,005010
휴온스,243070
휴온스글로벌,084110
휴젤,145020
휴켐스,069260
흥구석유,024060
흥국,010240
흥국에프엔비,189980
흥국화재,000540
흥아해운,003280
희림,037440
힘스,238490
신라젠,215600
티슈진,950160
스튜디오드래곤,253450
스드,253450
